id,nombre,email,edad
777,Usuario 00777,usuario00777@example.com,58
508,Usuario 00508,usuario00508@example.com,25
896,Usuario 00896,usuario00896@example.com,19
923,Usuario 00923,usuario00923@example.com,35
34,Usuario 00034,usuario00034@example.com,33
484,Usuario 00484,usuario00484@example.com,32
86,Usuario 00086,usuario00086@example.com,26
751,Usuario 00751,usuario00751@example.com,24
355,Usuario 00355,usuario00355@example.com,52
524,Usuario 00524,usuario00524@example.com,23
185,Usuario 00185,usuario00185@example.com,55
810,Usuario 00810,usuario00810@example.com,45
419,Usuario 00419,usuario00419@example.com,20
616,Usuario 00616,usuario00616@example.com,19
683,Usuario 00683,usuario00683@example.com,23
502,Usuario 00502,usuario00502@example.com,31
761,Usuario 00761,usuario00761@example.com,32
50,Usuario 00050,usuario00050@example.com,50
733,Usuario 00733,usuario00733@example.com,56
337,Usuario 00337,usuario00337@example.com,19
451,Usuario 00451,usuario00451@example.com,53
791,Usuario 00791,usuario00791@example.com,30
351,Usuario 00351,usuario00351@example.com,59
468,Usuario 00468,usuario00468@example.com,52
623,Usuario 00623,usuario00623@example.com,44
477,Usuario 00477,usuario00477@example.com,32
615,Usuario 00615,usuario00615@example.com,46
555,Usuario 00555,usuario00555@example.com,55
366,Usuario 00366,usuario00366@example.com,35
771,Usuario 00771,usuario00771@example.com,18
631,Usuario 00631,usuario00631@example.com,28
941,Usuario 00941,usuario00941@example.com,45
798,Usuario 00798,usuario00798@example.com,39
497,Usuario 00497,usuario00497@example.com,35
925,Usuario 00925,usuario00925@example.com,27
370,Usuario 00370,usuario00370@example.com,31
597,Usuario 00597,usuario00597@example.com,39
721,Usuario 00721,usuario00721@example.com,24
54,Usuario 00054,usuario00054@example.com,23
427,Usuario 00427,usuario00427@example.com,42
57,Usuario 00057,usuario00057@example.com,24
265,Usuario 00265,usuario00265@example.com,40
773,Usuario 00773,usuario00773@example.com,40
186,Usuario 00186,usuario00186@example.com,56
467,Usuario 00467,usuario00467@example.com,34
790,Usuario 00790,usuario00790@example.com,20
175,Usuario 00175,usuario00175@example.com,47
151,Usuario 00151,usuario00151@example.com,52
742,Usuario 00742,usuario00742@example.com,25
114,Usuario 00114,usuario00114@example.com,42
429,Usuario 00429,usuario00429@example.com,23
966,Usuario 00966,usuario00966@example.com,53
19,Usuario 00019,usuario00019@example.com,36
190,Usuario 00190,usuario00190@example.com,58
415,Usuario 00415,usuario00415@example.com,57
590,Usuario 00590,usuario00590@example.com,41
667,Usuario 00667,usuario00667@example.com,54
764,Usuario 00764,usuario00764@example.com,30
222,Usuario 00222,usuario00222@example.com,22
587,Usuario 00587,usuario00587@example.com,20
582,Usuario 00582,usuario00582@example.com,60
300,Usuario 00300,usuario00300@example.com,32
639,Usuario 00639,usuario00639@example.com,36
387,Usuario 00387,usuario00387@example.com,23
365,Usuario 00365,usuario00365@example.com,32
880,Usuario 00880,usuario00880@example.com,24
335,Usuario 00335,usuario00335@example.com,42
17,Usuario 00017,usuario00017@example.com,35
203,Usuario 00203,usuario00203@example.com,47
2,Usuario 00002,usuario00002@example.com,58
39,Usuario 00039,usuario00039@example.com,41
291,Usuario 00291,usuario00291@example.com,28
494,Usuario 00494,usuario00494@example.com,41
248,Usuario 00248,usuario00248@example.com,40
507,Usuario 00507,usuario00507@example.com,31
897,Usuario 00897,usuario00897@example.com,60
714,Usuario 00714,usuario00714@example.com,35
892,Usuario 00892,usuario00892@example.com,59
77,Usuario 00077,usuario00077@example.com,22
912,Usuario 00912,usuario00912@example.com,56
793,Usuario 00793,usuario00793@example.com,58
509,Usuario 00509,usuario00509@example.com,28
178,Usuario 00178,usuario00178@example.com,52
843,Usuario 00843,usuario00843@example.com,33
201,Usuario 00201,usuario00201@example.com,28
766,Usuario 00766,usuario00766@example.com,47
910,Usuario 00910,usuario00910@example.com,42
294,Usuario 00294,usuario00294@example.com,35
539,Usuario 00539,usuario00539@example.com,58
25,Usuario 00025,usuario00025@example.com,53
695,Usuario 00695,usuario00695@example.com,32
211,Usuario 00211,usuario00211@example.com,38
425,Usuario 00425,usuario00425@example.com,21
529,Usuario 00529,usuario00529@example.com,32
35,Usuario 00035,usuario00035@example.com,20
929,Usuario 00929,usuario00929@example.com,38
399,Usuario 00399,usuario00399@example.com,43
608,Usuario 00608,usuario00608@example.com,35
299,Usuario 00299,usuario00299@example.com,22
849,Usuario 00849,usuario00849@example.com,31
669,Usuario 00669,usuario00669@example.com,54
283,Usuario 00283,usuario00283@example.com,38
940,Usuario 00940,usuario00940@example.com,31
945,Usuario 00945,usuario00945@example.com,59
607,Usuario 00607,usuario00607@example.com,49
960,Usuario 00960,usuario00960@example.com,43
935,Usuario 00935,usuario00935@example.com,59
732,Usuario 00732,usuario00732@example.com,47
288,Usuario 00288,usuario00288@example.com,27
528,Usuario 00528,usuario00528@example.com,34
808,Usuario 00808,usuario00808@example.com,26
230,Usuario 00230,usuario00230@example.com,33
437,Usuario 00437,usuario00437@example.com,53
29,Usuario 00029,usuario00029@example.com,52
375,Usuario 00375,usuario00375@example.com,34
820,Usuario 00820,usuario00820@example.com,55
317,Usuario 00317,usuario00317@example.com,45
561,Usuario 00561,usuario00561@example.com,55
242,Usuario 00242,usuario00242@example.com,43
150,Usuario 00150,usuario00150@example.com,41
517,Usuario 00517,usuario00517@example.com,32
418,Usuario 00418,usuario00418@example.com,26
661,Usuario 00661,usuario00661@example.com,50
199,Usuario 00199,usuario00199@example.com,49
586,Usuario 00586,usuario00586@example.com,23
326,Usuario 00326,usuario00326@example.com,21
824,Usuario 00824,usuario00824@example.com,25
703,Usuario 00703,usuario00703@example.com,27
950,Usuario 00950,usuario00950@example.com,58
516,Usuario 00516,usuario00516@example.com,28
865,Usuario 00865,usuario00865@example.com,45
837,Usuario 00837,usuario00837@example.com,56
878,Usuario 00878,usuario00878@example.com,22
360,Usuario 00360,usuario00360@example.com,42
595,Usuario 00595,usuario00595@example.com,42
789,Usuario 00789,usuario00789@example.com,56
189,Usuario 00189,usuario00189@example.com,47
67,Usuario 00067,usuario00067@example.com,51
356,Usuario 00356,usuario00356@example.com,34
800,Usuario 00800,usuario00800@example.com,53
903,Usuario 00903,usuario00903@example.com,18
921,Usuario 00921,usuario00921@example.com,25
943,Usuario 00943,usuario00943@example.com,52
331,Usuario 00331,usuario00331@example.com,35
728,Usuario 00728,usuario00728@example.com,59
397,Usuario 00397,usuario00397@example.com,39
464,Usuario 00464,usuario00464@example.com,25
394,Usuario 00394,usuario00394@example.com,36
312,Usuario 00312,usuario00312@example.com,45
681,Usuario 00681,usuario00681@example.com,28
745,Usuario 00745,usuario00745@example.com,47
922,Usuario 00922,usuario00922@example.com,18
462,Usuario 00462,usuario00462@example.com,34
523,Usuario 00523,usuario00523@example.com,50
632,Usuario 00632,usuario00632@example.com,29
491,Usuario 00491,usuario00491@example.com,50
196,Usuario 00196,usuario00196@example.com,24
257,Usuario 00257,usuario00257@example.com,58
694,Usuario 00694,usuario00694@example.com,37
741,Usuario 00741,usuario00741@example.com,58
578,Usuario 00578,usuario00578@example.com,50
158,Usuario 00158,usuario00158@example.com,56
613,Usuario 00613,usuario00613@example.com,30
393,Usuario 00393,usuario00393@example.com,27
970,Usuario 00970,usuario00970@example.com,41
689,Usuario 00689,usuario00689@example.com,28
362,Usuario 00362,usuario00362@example.com,52
817,Usuario 00817,usuario00817@example.com,51
402,Usuario 00402,usuario00402@example.com,18
93,Usuario 00093,usuario00093@example.com,56
918,Usuario 00918,usuario00918@example.com,38
490,Usuario 00490,usuario00490@example.com,49
452,Usuario 00452,usuario00452@example.com,19
252,Usuario 00252,usuario00252@example.com,25
654,Usuario 00654,usuario00654@example.com,41
770,Usuario 00770,usuario00770@example.com,37
671,Usuario 00671,usuario00671@example.com,33
130,Usuario 00130,usuario00130@example.com,21
638,Usuario 00638,usuario00638@example.com,33
992,Usuario 00992,usuario00992@example.com,54
343,Usuario 00343,usuario00343@example.com,23
309,Usuario 00309,usuario00309@example.com,23
137,Usuario 00137,usuario00137@example.com,49
89,Usuario 00089,usuario00089@example.com,22
328,Usuario 00328,usuario00328@example.com,52
476,Usuario 00476,usuario00476@example.com,26
982,Usuario 00982,usuario00982@example.com,26
851,Usuario 00851,usuario00851@example.com,60
893,Usuario 00893,usuario00893@example.com,48
376,Usuario 00376,usuario00376@example.com,53
179,Usuario 00179,usuario00179@example.com,28
27,Usuario 00027,usuario00027@example.com,34
350,Usuario 00350,usuario00350@example.com,51
500,Usuario 00500,usuario00500@example.com,56
475,Usuario 00475,usuario00475@example.com,45
618,Usuario 00618,usuario00618@example.com,31
698,Usuario 00698,usuario00698@example.com,52
51,Usuario 00051,usuario00051@example.com,30
212,Usuario 00212,usuario00212@example.com,37
382,Usuario 00382,usuario00382@example.com,43
884,Usuario 00884,usuario00884@example.com,60
174,Usuario 00174,usuario00174@example.com,59
148,Usuario 00148,usuario00148@example.com,41
420,Usuario 00420,usuario00420@example.com,46
962,Usuario 00962,usuario00962@example.com,51
149,Usuario 00149,usuario00149@example.com,46
976,Usuario 00976,usuario00976@example.com,25
80,Usuario 00080,usuario00080@example.com,33
776,Usuario 00776,usuario00776@example.com,32
303,Usuario 00303,usuario00303@example.com,22
996,Usuario 00996,usuario00996@example.com,39
526,Usuario 00526,usuario00526@example.com,19
775,Usuario 00775,usuario00775@example.com,55
232,Usuario 00232,usuario00232@example.com,53
626,Usuario 00626,usuario00626@example.com,32
801,Usuario 00801,usuario00801@example.com,55
562,Usuario 00562,usuario00562@example.com,32
510,Usuario 00510,usuario00510@example.com,18
841,Usuario 00841,usuario00841@example.com,22
495,Usuario 00495,usuario00495@example.com,58
120,Usuario 00120,usuario00120@example.com,21
478,Usuario 00478,usuario00478@example.com,32
145,Usuario 00145,usuario00145@example.com,22
30,Usuario 00030,usuario00030@example.com,20
911,Usuario 00911,usuario00911@example.com,39
122,Usuario 00122,usuario00122@example.com,22
606,Usuario 00606,usuario00606@example.com,50
62,Usuario 00062,usuario00062@example.com,33
872,Usuario 00872,usuario00872@example.com,35
573,Usuario 00573,usuario00573@example.com,60
6,Usuario 00006,usuario00006@example.com,49
927,Usuario 00927,usuario00927@example.com,31
640,Usuario 00640,usuario00640@example.com,52
440,Usuario 00440,usuario00440@example.com,26
730,Usuario 00730,usuario00730@example.com,54
194,Usuario 00194,usuario00194@example.com,54
753,Usuario 00753,usuario00753@example.com,48
627,Usuario 00627,usuario00627@example.com,33
572,Usuario 00572,usuario00572@example.com,48
18,Usuario 00018,usuario00018@example.com,44
743,Usuario 00743,usuario00743@example.com,30
915,Usuario 00915,usuario00915@example.com,24
511,Usuario 00511,usuario00511@example.com,24
574,Usuario 00574,usuario00574@example.com,60
139,Usuario 00139,usuario00139@example.com,45
192,Usuario 00192,usuario00192@example.com,40
5,Usuario 00005,usuario00005@example.com,45
444,Usuario 00444,usuario00444@example.com,44
21,Usuario 00021,usuario00021@example.com,47
214,Usuario 00214,usuario00214@example.com,21
65,Usuario 00065,usuario00065@example.com,59
412,Usuario 00412,usuario00412@example.com,59
302,Usuario 00302,usuario00302@example.com,24
334,Usuario 00334,usuario00334@example.com,21
193,Usuario 00193,usuario00193@example.com,43
665,Usuario 00665,usuario00665@example.com,39
263,Usuario 00263,usuario00263@example.com,24
648,Usuario 00648,usuario00648@example.com,33
811,Usuario 00811,usuario00811@example.com,30
233,Usuario 00233,usuario00233@example.com,30
796,Usuario 00796,usuario00796@example.com,52
682,Usuario 00682,usuario00682@example.com,46
805,Usuario 00805,usuario00805@example.com,26
483,Usuario 00483,usuario00483@example.com,45
361,Usuario 00361,usuario00361@example.com,29
839,Usuario 00839,usuario00839@example.com,35
237,Usuario 00237,usuario00237@example.com,47
628,Usuario 00628,usuario00628@example.com,33
958,Usuario 00958,usuario00958@example.com,22
583,Usuario 00583,usuario00583@example.com,46
273,Usuario 00273,usuario00273@example.com,53
202,Usuario 00202,usuario00202@example.com,24
14,Usuario 00014,usuario00014@example.com,21
428,Usuario 00428,usuario00428@example.com,59
240,Usuario 00240,usuario00240@example.com,52
85,Usuario 00085,usuario00085@example.com,18
533,Usuario 00533,usuario00533@example.com,23
173,Usuario 00173,usuario00173@example.com,33
290,Usuario 00290,usuario00290@example.com,28
486,Usuario 00486,usuario00486@example.com,44
330,Usuario 00330,usuario00330@example.com,49
684,Usuario 00684,usuario00684@example.com,48
319,Usuario 00319,usuario00319@example.com,31
455,Usuario 00455,usuario00455@example.com,43
250,Usuario 00250,usuario00250@example.com,21
847,Usuario 00847,usuario00847@example.com,28
280,Usuario 00280,usuario00280@example.com,42
456,Usuario 00456,usuario00456@example.com,18
902,Usuario 00902,usuario00902@example.com,42
762,Usuario 00762,usuario00762@example.com,34
548,Usuario 00548,usuario00548@example.com,47
181,Usuario 00181,usuario00181@example.com,36
558,Usuario 00558,usuario00558@example.com,45
629,Usuario 00629,usuario00629@example.com,53
424,Usuario 00424,usuario00424@example.com,60
844,Usuario 00844,usuario00844@example.com,49
11,Usuario 00011,usuario00011@example.com,27
200,Usuario 00200,usuario00200@example.com,30
426,Usuario 00426,usuario00426@example.com,36
535,Usuario 00535,usuario00535@example.com,31
32,Usuario 00032,usuario00032@example.com,21
580,Usuario 00580,usuario00580@example.com,55
405,Usuario 00405,usuario00405@example.com,52
278,Usuario 00278,usuario00278@example.com,21
445,Usuario 00445,usuario00445@example.com,38
772,Usuario 00772,usuario00772@example.com,21
373,Usuario 00373,usuario00373@example.com,21
723,Usuario 00723,usuario00723@example.com,55
401,Usuario 00401,usuario00401@example.com,48
79,Usuario 00079,usuario00079@example.com,50
538,Usuario 00538,usuario00538@example.com,51
576,Usuario 00576,usuario00576@example.com,28
549,Usuario 00549,usuario00549@example.com,21
711,Usuario 00711,usuario00711@example.com,50
42,Usuario 00042,usuario00042@example.com,23
886,Usuario 00886,usuario00886@example.com,29
633,Usuario 00633,usuario00633@example.com,22
859,Usuario 00859,usuario00859@example.com,56
140,Usuario 00140,usuario00140@example.com,22
386,Usuario 00386,usuario00386@example.com,33
457,Usuario 00457,usuario00457@example.com,43
933,Usuario 00933,usuario00933@example.com,25
814,Usuario 00814,usuario00814@example.com,54
141,Usuario 00141,usuario00141@example.com,33
625,Usuario 00625,usuario00625@example.com,55
321,Usuario 00321,usuario00321@example.com,56
709,Usuario 00709,usuario00709@example.com,20
458,Usuario 00458,usuario00458@example.com,57
874,Usuario 00874,usuario00874@example.com,23
327,Usuario 00327,usuario00327@example.com,44
127,Usuario 00127,usuario00127@example.com,60
133,Usuario 00133,usuario00133@example.com,55
818,Usuario 00818,usuario00818@example.com,54
398,Usuario 00398,usuario00398@example.com,51
916,Usuario 00916,usuario00916@example.com,38
994,Usuario 00994,usuario00994@example.com,34
416,Usuario 00416,usuario00416@example.com,31
596,Usuario 00596,usuario00596@example.com,60
259,Usuario 00259,usuario00259@example.com,38
314,Usuario 00314,usuario00314@example.com,33
410,Usuario 00410,usuario00410@example.com,34
163,Usuario 00163,usuario00163@example.com,43
305,Usuario 00305,usuario00305@example.com,26
287,Usuario 00287,usuario00287@example.com,60
645,Usuario 00645,usuario00645@example.com,59
636,Usuario 00636,usuario00636@example.com,37
354,Usuario 00354,usuario00354@example.com,47
69,Usuario 00069,usuario00069@example.com,38
679,Usuario 00679,usuario00679@example.com,22
834,Usuario 00834,usuario00834@example.com,18
936,Usuario 00936,usuario00936@example.com,47
680,Usuario 00680,usuario00680@example.com,57
720,Usuario 00720,usuario00720@example.com,54
238,Usuario 00238,usuario00238@example.com,24
266,Usuario 00266,usuario00266@example.com,22
91,Usuario 00091,usuario00091@example.com,52
836,Usuario 00836,usuario00836@example.com,31
863,Usuario 00863,usuario00863@example.com,50
55,Usuario 00055,usuario00055@example.com,34
658,Usuario 00658,usuario00658@example.com,26
944,Usuario 00944,usuario00944@example.com,40
407,Usuario 00407,usuario00407@example.com,22
381,Usuario 00381,usuario00381@example.com,33
125,Usuario 00125,usuario00125@example.com,41
492,Usuario 00492,usuario00492@example.com,36
803,Usuario 00803,usuario00803@example.com,28
901,Usuario 00901,usuario00901@example.com,46
431,Usuario 00431,usuario00431@example.com,52
946,Usuario 00946,usuario00946@example.com,37
704,Usuario 00704,usuario00704@example.com,57
295,Usuario 00295,usuario00295@example.com,59
879,Usuario 00879,usuario00879@example.com,51
213,Usuario 00213,usuario00213@example.com,18
919,Usuario 00919,usuario00919@example.com,60
38,Usuario 00038,usuario00038@example.com,53
861,Usuario 00861,usuario00861@example.com,37
899,Usuario 00899,usuario00899@example.com,60
126,Usuario 00126,usuario00126@example.com,24
24,Usuario 00024,usuario00024@example.com,26
840,Usuario 00840,usuario00840@example.com,34
977,Usuario 00977,usuario00977@example.com,25
102,Usuario 00102,usuario00102@example.com,24
116,Usuario 00116,usuario00116@example.com,53
436,Usuario 00436,usuario00436@example.com,27
951,Usuario 00951,usuario00951@example.com,35
121,Usuario 00121,usuario00121@example.com,36
385,Usuario 00385,usuario00385@example.com,56
48,Usuario 00048,usuario00048@example.com,31
172,Usuario 00172,usuario00172@example.com,39
318,Usuario 00318,usuario00318@example.com,31
325,Usuario 00325,usuario00325@example.com,58
881,Usuario 00881,usuario00881@example.com,34
264,Usuario 00264,usuario00264@example.com,50
146,Usuario 00146,usuario00146@example.com,49
44,Usuario 00044,usuario00044@example.com,34
505,Usuario 00505,usuario00505@example.com,21
87,Usuario 00087,usuario00087@example.com,23
377,Usuario 00377,usuario00377@example.com,58
531,Usuario 00531,usuario00531@example.com,45
985,Usuario 00985,usuario00985@example.com,35
852,Usuario 00852,usuario00852@example.com,20
346,Usuario 00346,usuario00346@example.com,18
404,Usuario 00404,usuario00404@example.com,39
227,Usuario 00227,usuario00227@example.com,26
988,Usuario 00988,usuario00988@example.com,58
165,Usuario 00165,usuario00165@example.com,34
336,Usuario 00336,usuario00336@example.com,28
601,Usuario 00601,usuario00601@example.com,46
917,Usuario 00917,usuario00917@example.com,53
473,Usuario 00473,usuario00473@example.com,45
448,Usuario 00448,usuario00448@example.com,53
108,Usuario 00108,usuario00108@example.com,18
857,Usuario 00857,usuario00857@example.com,25
156,Usuario 00156,usuario00156@example.com,22
459,Usuario 00459,usuario00459@example.com,27
281,Usuario 00281,usuario00281@example.com,52
208,Usuario 00208,usuario00208@example.com,20
155,Usuario 00155,usuario00155@example.com,41
588,Usuario 00588,usuario00588@example.com,55
758,Usuario 00758,usuario00758@example.com,53
986,Usuario 00986,usuario00986@example.com,27
384,Usuario 00384,usuario00384@example.com,45
802,Usuario 00802,usuario00802@example.com,26
649,Usuario 00649,usuario00649@example.com,20
807,Usuario 00807,usuario00807@example.com,37
537,Usuario 00537,usuario00537@example.com,41
504,Usuario 00504,usuario00504@example.com,20
738,Usuario 00738,usuario00738@example.com,40
560,Usuario 00560,usuario00560@example.com,31
545,Usuario 00545,usuario00545@example.com,33
357,Usuario 00357,usuario00357@example.com,60
207,Usuario 00207,usuario00207@example.com,24
889,Usuario 00889,usuario00889@example.com,40
612,Usuario 00612,usuario00612@example.com,53
712,Usuario 00712,usuario00712@example.com,44
532,Usuario 00532,usuario00532@example.com,57
260,Usuario 00260,usuario00260@example.com,27
154,Usuario 00154,usuario00154@example.com,33
853,Usuario 00853,usuario00853@example.com,28
64,Usuario 00064,usuario00064@example.com,29
435,Usuario 00435,usuario00435@example.com,44
340,Usuario 00340,usuario00340@example.com,19
514,Usuario 00514,usuario00514@example.com,29
749,Usuario 00749,usuario00749@example.com,39
488,Usuario 00488,usuario00488@example.com,44
525,Usuario 00525,usuario00525@example.com,60
894,Usuario 00894,usuario00894@example.com,33
953,Usuario 00953,usuario00953@example.com,35
187,Usuario 00187,usuario00187@example.com,28
674,Usuario 00674,usuario00674@example.com,24
344,Usuario 00344,usuario00344@example.com,42
378,Usuario 00378,usuario00378@example.com,20
904,Usuario 00904,usuario00904@example.com,48
369,Usuario 00369,usuario00369@example.com,32
569,Usuario 00569,usuario00569@example.com,30
276,Usuario 00276,usuario00276@example.com,47
691,Usuario 00691,usuario00691@example.com,40
267,Usuario 00267,usuario00267@example.com,37
783,Usuario 00783,usuario00783@example.com,32
938,Usuario 00938,usuario00938@example.com,32
534,Usuario 00534,usuario00534@example.com,19
23,Usuario 00023,usuario00023@example.com,60
543,Usuario 00543,usuario00543@example.com,30
98,Usuario 00098,usuario00098@example.com,43
296,Usuario 00296,usuario00296@example.com,39
461,Usuario 00461,usuario00461@example.com,35
198,Usuario 00198,usuario00198@example.com,22
708,Usuario 00708,usuario00708@example.com,35
262,Usuario 00262,usuario00262@example.com,40
311,Usuario 00311,usuario00311@example.com,59
980,Usuario 00980,usuario00980@example.com,50
161,Usuario 00161,usuario00161@example.com,43
403,Usuario 00403,usuario00403@example.com,52
540,Usuario 00540,usuario00540@example.com,39
177,Usuario 00177,usuario00177@example.com,19
727,Usuario 00727,usuario00727@example.com,25
794,Usuario 00794,usuario00794@example.com,34
819,Usuario 00819,usuario00819@example.com,29
779,Usuario 00779,usuario00779@example.com,55
757,Usuario 00757,usuario00757@example.com,34
298,Usuario 00298,usuario00298@example.com,20
92,Usuario 00092,usuario00092@example.com,24
930,Usuario 00930,usuario00930@example.com,56
450,Usuario 00450,usuario00450@example.com,45
646,Usuario 00646,usuario00646@example.com,40
15,Usuario 00015,usuario00015@example.com,38
481,Usuario 00481,usuario00481@example.com,45
997,Usuario 00997,usuario00997@example.com,56
869,Usuario 00869,usuario00869@example.com,50
432,Usuario 00432,usuario00432@example.com,25
696,Usuario 00696,usuario00696@example.com,42
503,Usuario 00503,usuario00503@example.com,54
261,Usuario 00261,usuario00261@example.com,30
329,Usuario 00329,usuario00329@example.com,34
180,Usuario 00180,usuario00180@example.com,20
565,Usuario 00565,usuario00565@example.com,45
396,Usuario 00396,usuario00396@example.com,18
496,Usuario 00496,usuario00496@example.com,51
36,Usuario 00036,usuario00036@example.com,52
443,Usuario 00443,usuario00443@example.com,60
928,Usuario 00928,usuario00928@example.com,30
660,Usuario 00660,usuario00660@example.com,41
637,Usuario 00637,usuario00637@example.com,45
99,Usuario 00099,usuario00099@example.com,22
338,Usuario 00338,usuario00338@example.com,60
13,Usuario 00013,usuario00013@example.com,39
685,Usuario 00685,usuario00685@example.com,57
117,Usuario 00117,usuario00117@example.com,38
447,Usuario 00447,usuario00447@example.com,60
408,Usuario 00408,usuario00408@example.com,25
816,Usuario 00816,usuario00816@example.com,37
313,Usuario 00313,usuario00313@example.com,50
359,Usuario 00359,usuario00359@example.com,37
472,Usuario 00472,usuario00472@example.com,60
205,Usuario 00205,usuario00205@example.com,44
228,Usuario 00228,usuario00228@example.com,38
482,Usuario 00482,usuario00482@example.com,43
40,Usuario 00040,usuario00040@example.com,36
392,Usuario 00392,usuario00392@example.com,53
111,Usuario 00111,usuario00111@example.com,26
833,Usuario 00833,usuario00833@example.com,30
813,Usuario 00813,usuario00813@example.com,44
963,Usuario 00963,usuario00963@example.com,60
422,Usuario 00422,usuario00422@example.com,42
341,Usuario 00341,usuario00341@example.com,29
184,Usuario 00184,usuario00184@example.com,57
998,Usuario 00998,usuario00998@example.com,54
423,Usuario 00423,usuario00423@example.com,37
182,Usuario 00182,usuario00182@example.com,43
905,Usuario 00905,usuario00905@example.com,53
862,Usuario 00862,usuario00862@example.com,18
650,Usuario 00650,usuario00650@example.com,37
746,Usuario 00746,usuario00746@example.com,36
701,Usuario 00701,usuario00701@example.com,31
106,Usuario 00106,usuario00106@example.com,45
920,Usuario 00920,usuario00920@example.com,55
652,Usuario 00652,usuario00652@example.com,56
367,Usuario 00367,usuario00367@example.com,59
620,Usuario 00620,usuario00620@example.com,38
906,Usuario 00906,usuario00906@example.com,47
316,Usuario 00316,usuario00316@example.com,46
43,Usuario 00043,usuario00043@example.com,46
131,Usuario 00131,usuario00131@example.com,31
441,Usuario 00441,usuario00441@example.com,50
152,Usuario 00152,usuario00152@example.com,48
589,Usuario 00589,usuario00589@example.com,28
37,Usuario 00037,usuario00037@example.com,60
153,Usuario 00153,usuario00153@example.com,23
677,Usuario 00677,usuario00677@example.com,36
961,Usuario 00961,usuario00961@example.com,50
602,Usuario 00602,usuario00602@example.com,60
438,Usuario 00438,usuario00438@example.com,58
453,Usuario 00453,usuario00453@example.com,57
786,Usuario 00786,usuario00786@example.com,39
269,Usuario 00269,usuario00269@example.com,23
134,Usuario 00134,usuario00134@example.com,33
342,Usuario 00342,usuario00342@example.com,37
804,Usuario 00804,usuario00804@example.com,32
46,Usuario 00046,usuario00046@example.com,30
284,Usuario 00284,usuario00284@example.com,27
653,Usuario 00653,usuario00653@example.com,19
949,Usuario 00949,usuario00949@example.com,20
53,Usuario 00053,usuario00053@example.com,33
822,Usuario 00822,usuario00822@example.com,48
780,Usuario 00780,usuario00780@example.com,57
978,Usuario 00978,usuario00978@example.com,22
600,Usuario 00600,usuario00600@example.com,47
209,Usuario 00209,usuario00209@example.com,44
352,Usuario 00352,usuario00352@example.com,58
216,Usuario 00216,usuario00216@example.com,54
289,Usuario 00289,usuario00289@example.com,30
279,Usuario 00279,usuario00279@example.com,42
954,Usuario 00954,usuario00954@example.com,49
821,Usuario 00821,usuario00821@example.com,43
110,Usuario 00110,usuario00110@example.com,33
119,Usuario 00119,usuario00119@example.com,27
942,Usuario 00942,usuario00942@example.com,59
138,Usuario 00138,usuario00138@example.com,18
107,Usuario 00107,usuario00107@example.com,24
307,Usuario 00307,usuario00307@example.com,45
973,Usuario 00973,usuario00973@example.com,32
9,Usuario 00009,usuario00009@example.com,29
823,Usuario 00823,usuario00823@example.com,51
310,Usuario 00310,usuario00310@example.com,47
557,Usuario 00557,usuario00557@example.com,21
744,Usuario 00744,usuario00744@example.com,53
635,Usuario 00635,usuario00635@example.com,33
292,Usuario 00292,usuario00292@example.com,25
379,Usuario 00379,usuario00379@example.com,47
890,Usuario 00890,usuario00890@example.com,26
630,Usuario 00630,usuario00630@example.com,47
358,Usuario 00358,usuario00358@example.com,60
713,Usuario 00713,usuario00713@example.com,51
621,Usuario 00621,usuario00621@example.com,53
519,Usuario 00519,usuario00519@example.com,56
663,Usuario 00663,usuario00663@example.com,38
551,Usuario 00551,usuario00551@example.com,46
76,Usuario 00076,usuario00076@example.com,57
103,Usuario 00103,usuario00103@example.com,50
577,Usuario 00577,usuario00577@example.com,45
858,Usuario 00858,usuario00858@example.com,53
10,Usuario 00010,usuario00010@example.com,46
75,Usuario 00075,usuario00075@example.com,28
952,Usuario 00952,usuario00952@example.com,48
469,Usuario 00469,usuario00469@example.com,46
308,Usuario 00308,usuario00308@example.com,34
135,Usuario 00135,usuario00135@example.com,33
860,Usuario 00860,usuario00860@example.com,58
885,Usuario 00885,usuario00885@example.com,35
245,Usuario 00245,usuario00245@example.com,51
642,Usuario 00642,usuario00642@example.com,49
210,Usuario 00210,usuario00210@example.com,58
268,Usuario 00268,usuario00268@example.com,33
871,Usuario 00871,usuario00871@example.com,35
536,Usuario 00536,usuario00536@example.com,46
579,Usuario 00579,usuario00579@example.com,22
846,Usuario 00846,usuario00846@example.com,36
969,Usuario 00969,usuario00969@example.com,33
84,Usuario 00084,usuario00084@example.com,35
41,Usuario 00041,usuario00041@example.com,39
609,Usuario 00609,usuario00609@example.com,38
593,Usuario 00593,usuario00593@example.com,52
854,Usuario 00854,usuario00854@example.com,23
584,Usuario 00584,usuario00584@example.com,26
123,Usuario 00123,usuario00123@example.com,27
414,Usuario 00414,usuario00414@example.com,32
241,Usuario 00241,usuario00241@example.com,42
724,Usuario 00724,usuario00724@example.com,27
610,Usuario 00610,usuario00610@example.com,31
767,Usuario 00767,usuario00767@example.com,22
191,Usuario 00191,usuario00191@example.com,44
83,Usuario 00083,usuario00083@example.com,44
521,Usuario 00521,usuario00521@example.com,39
877,Usuario 00877,usuario00877@example.com,52
806,Usuario 00806,usuario00806@example.com,47
784,Usuario 00784,usuario00784@example.com,44
515,Usuario 00515,usuario00515@example.com,21
489,Usuario 00489,usuario00489@example.com,31
848,Usuario 00848,usuario00848@example.com,44
673,Usuario 00673,usuario00673@example.com,42
59,Usuario 00059,usuario00059@example.com,55
322,Usuario 00322,usuario00322@example.com,19
692,Usuario 00692,usuario00692@example.com,54
556,Usuario 00556,usuario00556@example.com,42
594,Usuario 00594,usuario00594@example.com,48
838,Usuario 00838,usuario00838@example.com,18
223,Usuario 00223,usuario00223@example.com,40
304,Usuario 00304,usuario00304@example.com,37
717,Usuario 00717,usuario00717@example.com,42
159,Usuario 00159,usuario00159@example.com,44
499,Usuario 00499,usuario00499@example.com,52
570,Usuario 00570,usuario00570@example.com,52
898,Usuario 00898,usuario00898@example.com,56
293,Usuario 00293,usuario00293@example.com,32
466,Usuario 00466,usuario00466@example.com,49
989,Usuario 00989,usuario00989@example.com,32
400,Usuario 00400,usuario00400@example.com,35
3,Usuario 00003,usuario00003@example.com,45
887,Usuario 00887,usuario00887@example.com,49
169,Usuario 00169,usuario00169@example.com,19
726,Usuario 00726,usuario00726@example.com,42
870,Usuario 00870,usuario00870@example.com,39
219,Usuario 00219,usuario00219@example.com,60
493,Usuario 00493,usuario00493@example.com,43
716,Usuario 00716,usuario00716@example.com,28
752,Usuario 00752,usuario00752@example.com,47
171,Usuario 00171,usuario00171@example.com,26
243,Usuario 00243,usuario00243@example.com,57
981,Usuario 00981,usuario00981@example.com,52
16,Usuario 00016,usuario00016@example.com,19
554,Usuario 00554,usuario00554@example.com,43
668,Usuario 00668,usuario00668@example.com,55
52,Usuario 00052,usuario00052@example.com,54
990,Usuario 00990,usuario00990@example.com,60
564,Usuario 00564,usuario00564@example.com,19
454,Usuario 00454,usuario00454@example.com,23
78,Usuario 00078,usuario00078@example.com,59
256,Usuario 00256,usuario00256@example.com,45
913,Usuario 00913,usuario00913@example.com,26
718,Usuario 00718,usuario00718@example.com,47
188,Usuario 00188,usuario00188@example.com,29
830,Usuario 00830,usuario00830@example.com,21
144,Usuario 00144,usuario00144@example.com,34
967,Usuario 00967,usuario00967@example.com,42
815,Usuario 00815,usuario00815@example.com,38
706,Usuario 00706,usuario00706@example.com,31
924,Usuario 00924,usuario00924@example.com,47
255,Usuario 00255,usuario00255@example.com,38
112,Usuario 00112,usuario00112@example.com,39
348,Usuario 00348,usuario00348@example.com,42
413,Usuario 00413,usuario00413@example.com,35
63,Usuario 00063,usuario00063@example.com,44
101,Usuario 00101,usuario00101@example.com,34
662,Usuario 00662,usuario00662@example.com,23
670,Usuario 00670,usuario00670@example.com,48
690,Usuario 00690,usuario00690@example.com,19
56,Usuario 00056,usuario00056@example.com,52
479,Usuario 00479,usuario00479@example.com,21
421,Usuario 00421,usuario00421@example.com,40
756,Usuario 00756,usuario00756@example.com,32
363,Usuario 00363,usuario00363@example.com,59
442,Usuario 00442,usuario00442@example.com,22
675,Usuario 00675,usuario00675@example.com,59
947,Usuario 00947,usuario00947@example.com,20
97,Usuario 00097,usuario00097@example.com,19
195,Usuario 00195,usuario00195@example.com,33
417,Usuario 00417,usuario00417@example.com,30
710,Usuario 00710,usuario00710@example.com,19
249,Usuario 00249,usuario00249@example.com,57
485,Usuario 00485,usuario00485@example.com,27
591,Usuario 00591,usuario00591@example.com,33
585,Usuario 00585,usuario00585@example.com,26
136,Usuario 00136,usuario00136@example.com,48
754,Usuario 00754,usuario00754@example.com,60
220,Usuario 00220,usuario00220@example.com,25
768,Usuario 00768,usuario00768@example.com,54
686,Usuario 00686,usuario00686@example.com,31
286,Usuario 00286,usuario00286@example.com,47
244,Usuario 00244,usuario00244@example.com,34
527,Usuario 00527,usuario00527@example.com,41
729,Usuario 00729,usuario00729@example.com,28
339,Usuario 00339,usuario00339@example.com,56
873,Usuario 00873,usuario00873@example.com,56
70,Usuario 00070,usuario00070@example.com,25
875,Usuario 00875,usuario00875@example.com,28
61,Usuario 00061,usuario00061@example.com,37
647,Usuario 00647,usuario00647@example.com,24
725,Usuario 00725,usuario00725@example.com,55
73,Usuario 00073,usuario00073@example.com,19
8,Usuario 00008,usuario00008@example.com,37
968,Usuario 00968,usuario00968@example.com,54
735,Usuario 00735,usuario00735@example.com,42
236,Usuario 00236,usuario00236@example.com,43
568,Usuario 00568,usuario00568@example.com,30
603,Usuario 00603,usuario00603@example.com,22
22,Usuario 00022,usuario00022@example.com,55
347,Usuario 00347,usuario00347@example.com,58
828,Usuario 00828,usuario00828@example.com,33
231,Usuario 00231,usuario00231@example.com,24
254,Usuario 00254,usuario00254@example.com,37
124,Usuario 00124,usuario00124@example.com,56
463,Usuario 00463,usuario00463@example.com,25
530,Usuario 00530,usuario00530@example.com,54
449,Usuario 00449,usuario00449@example.com,20
832,Usuario 00832,usuario00832@example.com,40
972,Usuario 00972,usuario00972@example.com,52
688,Usuario 00688,usuario00688@example.com,45
845,Usuario 00845,usuario00845@example.com,60
320,Usuario 00320,usuario00320@example.com,41
731,Usuario 00731,usuario00731@example.com,22
206,Usuario 00206,usuario00206@example.com,50
707,Usuario 00707,usuario00707@example.com,59
939,Usuario 00939,usuario00939@example.com,39
785,Usuario 00785,usuario00785@example.com,18
867,Usuario 00867,usuario00867@example.com,44
434,Usuario 00434,usuario00434@example.com,49
622,Usuario 00622,usuario00622@example.com,24
541,Usuario 00541,usuario00541@example.com,45
856,Usuario 00856,usuario00856@example.com,41
170,Usuario 00170,usuario00170@example.com,58
563,Usuario 00563,usuario00563@example.com,47
487,Usuario 00487,usuario00487@example.com,27
676,Usuario 00676,usuario00676@example.com,45
132,Usuario 00132,usuario00132@example.com,29
129,Usuario 00129,usuario00129@example.com,51
546,Usuario 00546,usuario00546@example.com,59
71,Usuario 00071,usuario00071@example.com,35
498,Usuario 00498,usuario00498@example.com,57
750,Usuario 00750,usuario00750@example.com,52
88,Usuario 00088,usuario00088@example.com,48
934,Usuario 00934,usuario00934@example.com,47
866,Usuario 00866,usuario00866@example.com,45
247,Usuario 00247,usuario00247@example.com,55
60,Usuario 00060,usuario00060@example.com,35
246,Usuario 00246,usuario00246@example.com,38
315,Usuario 00315,usuario00315@example.com,33
372,Usuario 00372,usuario00372@example.com,23
809,Usuario 00809,usuario00809@example.com,35
20,Usuario 00020,usuario00020@example.com,46
501,Usuario 00501,usuario00501@example.com,33
332,Usuario 00332,usuario00332@example.com,47
614,Usuario 00614,usuario00614@example.com,54
1,Usuario 00001,usuario00001@example.com,57
544,Usuario 00544,usuario00544@example.com,60
553,Usuario 00553,usuario00553@example.com,42
166,Usuario 00166,usuario00166@example.com,39
799,Usuario 00799,usuario00799@example.com,19
383,Usuario 00383,usuario00383@example.com,49
835,Usuario 00835,usuario00835@example.com,38
974,Usuario 00974,usuario00974@example.com,29
895,Usuario 00895,usuario00895@example.com,49
797,Usuario 00797,usuario00797@example.com,31
1000,Usuario 01000,usuario01000@example.com,40
306,Usuario 00306,usuario00306@example.com,34
641,Usuario 00641,usuario00641@example.com,39
109,Usuario 00109,usuario00109@example.com,35
520,Usuario 00520,usuario00520@example.com,56
183,Usuario 00183,usuario00183@example.com,35
781,Usuario 00781,usuario00781@example.com,53
513,Usuario 00513,usuario00513@example.com,18
931,Usuario 00931,usuario00931@example.com,51
737,Usuario 00737,usuario00737@example.com,30
740,Usuario 00740,usuario00740@example.com,23
4,Usuario 00004,usuario00004@example.com,33
909,Usuario 00909,usuario00909@example.com,44
162,Usuario 00162,usuario00162@example.com,49
446,Usuario 00446,usuario00446@example.com,53
932,Usuario 00932,usuario00932@example.com,33
999,Usuario 00999,usuario00999@example.com,48
956,Usuario 00956,usuario00956@example.com,59
657,Usuario 00657,usuario00657@example.com,49
788,Usuario 00788,usuario00788@example.com,46
900,Usuario 00900,usuario00900@example.com,19
769,Usuario 00769,usuario00769@example.com,23
937,Usuario 00937,usuario00937@example.com,36
699,Usuario 00699,usuario00699@example.com,32
118,Usuario 00118,usuario00118@example.com,43
739,Usuario 00739,usuario00739@example.com,33
831,Usuario 00831,usuario00831@example.com,37
12,Usuario 00012,usuario00012@example.com,60
567,Usuario 00567,usuario00567@example.com,55
258,Usuario 00258,usuario00258@example.com,41
542,Usuario 00542,usuario00542@example.com,48
480,Usuario 00480,usuario00480@example.com,53
964,Usuario 00964,usuario00964@example.com,51
391,Usuario 00391,usuario00391@example.com,40
395,Usuario 00395,usuario00395@example.com,45
66,Usuario 00066,usuario00066@example.com,53
611,Usuario 00611,usuario00611@example.com,39
957,Usuario 00957,usuario00957@example.com,40
697,Usuario 00697,usuario00697@example.com,47
812,Usuario 00812,usuario00812@example.com,35
959,Usuario 00959,usuario00959@example.com,37
643,Usuario 00643,usuario00643@example.com,34
157,Usuario 00157,usuario00157@example.com,32
113,Usuario 00113,usuario00113@example.com,25
49,Usuario 00049,usuario00049@example.com,30
774,Usuario 00774,usuario00774@example.com,38
94,Usuario 00094,usuario00094@example.com,25
506,Usuario 00506,usuario00506@example.com,52
522,Usuario 00522,usuario00522@example.com,29
142,Usuario 00142,usuario00142@example.com,30
882,Usuario 00882,usuario00882@example.com,31
926,Usuario 00926,usuario00926@example.com,48
409,Usuario 00409,usuario00409@example.com,35
598,Usuario 00598,usuario00598@example.com,55
439,Usuario 00439,usuario00439@example.com,51
599,Usuario 00599,usuario00599@example.com,56
765,Usuario 00765,usuario00765@example.com,36
270,Usuario 00270,usuario00270@example.com,24
552,Usuario 00552,usuario00552@example.com,30
975,Usuario 00975,usuario00975@example.com,36
763,Usuario 00763,usuario00763@example.com,32
253,Usuario 00253,usuario00253@example.com,41
993,Usuario 00993,usuario00993@example.com,29
272,Usuario 00272,usuario00272@example.com,37
147,Usuario 00147,usuario00147@example.com,18
470,Usuario 00470,usuario00470@example.com,52
659,Usuario 00659,usuario00659@example.com,26
406,Usuario 00406,usuario00406@example.com,35
512,Usuario 00512,usuario00512@example.com,20
672,Usuario 00672,usuario00672@example.com,21
218,Usuario 00218,usuario00218@example.com,53
323,Usuario 00323,usuario00323@example.com,36
736,Usuario 00736,usuario00736@example.com,26
581,Usuario 00581,usuario00581@example.com,58
217,Usuario 00217,usuario00217@example.com,49
68,Usuario 00068,usuario00068@example.com,24
275,Usuario 00275,usuario00275@example.com,18
411,Usuario 00411,usuario00411@example.com,54
324,Usuario 00324,usuario00324@example.com,36
825,Usuario 00825,usuario00825@example.com,48
983,Usuario 00983,usuario00983@example.com,48
842,Usuario 00842,usuario00842@example.com,46
235,Usuario 00235,usuario00235@example.com,39
58,Usuario 00058,usuario00058@example.com,29
795,Usuario 00795,usuario00795@example.com,21
787,Usuario 00787,usuario00787@example.com,34
864,Usuario 00864,usuario00864@example.com,48
333,Usuario 00333,usuario00333@example.com,25
702,Usuario 00702,usuario00702@example.com,22
225,Usuario 00225,usuario00225@example.com,43
571,Usuario 00571,usuario00571@example.com,49
705,Usuario 00705,usuario00705@example.com,22
656,Usuario 00656,usuario00656@example.com,54
277,Usuario 00277,usuario00277@example.com,58
389,Usuario 00389,usuario00389@example.com,21
474,Usuario 00474,usuario00474@example.com,27
168,Usuario 00168,usuario00168@example.com,27
995,Usuario 00995,usuario00995@example.com,54
747,Usuario 00747,usuario00747@example.com,37
547,Usuario 00547,usuario00547@example.com,23
176,Usuario 00176,usuario00176@example.com,33
908,Usuario 00908,usuario00908@example.com,25
624,Usuario 00624,usuario00624@example.com,53
74,Usuario 00074,usuario00074@example.com,44
664,Usuario 00664,usuario00664@example.com,56
700,Usuario 00700,usuario00700@example.com,56
971,Usuario 00971,usuario00971@example.com,57
274,Usuario 00274,usuario00274@example.com,32
687,Usuario 00687,usuario00687@example.com,51
215,Usuario 00215,usuario00215@example.com,42
364,Usuario 00364,usuario00364@example.com,46
380,Usuario 00380,usuario00380@example.com,46
167,Usuario 00167,usuario00167@example.com,37
374,Usuario 00374,usuario00374@example.com,55
855,Usuario 00855,usuario00855@example.com,45
651,Usuario 00651,usuario00651@example.com,37
465,Usuario 00465,usuario00465@example.com,54
955,Usuario 00955,usuario00955@example.com,57
948,Usuario 00948,usuario00948@example.com,21
104,Usuario 00104,usuario00104@example.com,57
888,Usuario 00888,usuario00888@example.com,24
979,Usuario 00979,usuario00979@example.com,31
876,Usuario 00876,usuario00876@example.com,58
82,Usuario 00082,usuario00082@example.com,31
297,Usuario 00297,usuario00297@example.com,34
792,Usuario 00792,usuario00792@example.com,60
234,Usuario 00234,usuario00234@example.com,23
678,Usuario 00678,usuario00678@example.com,28
47,Usuario 00047,usuario00047@example.com,33
72,Usuario 00072,usuario00072@example.com,29
722,Usuario 00722,usuario00722@example.com,53
197,Usuario 00197,usuario00197@example.com,22
592,Usuario 00592,usuario00592@example.com,28
371,Usuario 00371,usuario00371@example.com,18
883,Usuario 00883,usuario00883@example.com,44
907,Usuario 00907,usuario00907@example.com,46
634,Usuario 00634,usuario00634@example.com,56
644,Usuario 00644,usuario00644@example.com,48
850,Usuario 00850,usuario00850@example.com,36
301,Usuario 00301,usuario00301@example.com,20
566,Usuario 00566,usuario00566@example.com,32
81,Usuario 00081,usuario00081@example.com,36
388,Usuario 00388,usuario00388@example.com,36
128,Usuario 00128,usuario00128@example.com,47
550,Usuario 00550,usuario00550@example.com,22
471,Usuario 00471,usuario00471@example.com,32
748,Usuario 00748,usuario00748@example.com,34
45,Usuario 00045,usuario00045@example.com,58
827,Usuario 00827,usuario00827@example.com,55
271,Usuario 00271,usuario00271@example.com,60
619,Usuario 00619,usuario00619@example.com,30
353,Usuario 00353,usuario00353@example.com,45
868,Usuario 00868,usuario00868@example.com,25
368,Usuario 00368,usuario00368@example.com,52
100,Usuario 00100,usuario00100@example.com,32
390,Usuario 00390,usuario00390@example.com,59
95,Usuario 00095,usuario00095@example.com,27
991,Usuario 00991,usuario00991@example.com,35
345,Usuario 00345,usuario00345@example.com,27
782,Usuario 00782,usuario00782@example.com,22
221,Usuario 00221,usuario00221@example.com,21
160,Usuario 00160,usuario00160@example.com,28
965,Usuario 00965,usuario00965@example.com,37
349,Usuario 00349,usuario00349@example.com,56
984,Usuario 00984,usuario00984@example.com,54
715,Usuario 00715,usuario00715@example.com,36
164,Usuario 00164,usuario00164@example.com,46
826,Usuario 00826,usuario00826@example.com,25
778,Usuario 00778,usuario00778@example.com,47
7,Usuario 00007,usuario00007@example.com,37
891,Usuario 00891,usuario00891@example.com,43
829,Usuario 00829,usuario00829@example.com,35
285,Usuario 00285,usuario00285@example.com,50
604,Usuario 00604,usuario00604@example.com,52
460,Usuario 00460,usuario00460@example.com,49
226,Usuario 00226,usuario00226@example.com,46
430,Usuario 00430,usuario00430@example.com,23
987,Usuario 00987,usuario00987@example.com,56
719,Usuario 00719,usuario00719@example.com,20
666,Usuario 00666,usuario00666@example.com,45
734,Usuario 00734,usuario00734@example.com,38
204,Usuario 00204,usuario00204@example.com,56
575,Usuario 00575,usuario00575@example.com,34
28,Usuario 00028,usuario00028@example.com,19
617,Usuario 00617,usuario00617@example.com,23
518,Usuario 00518,usuario00518@example.com,32
239,Usuario 00239,usuario00239@example.com,54
224,Usuario 00224,usuario00224@example.com,55
96,Usuario 00096,usuario00096@example.com,19
31,Usuario 00031,usuario00031@example.com,35
33,Usuario 00033,usuario00033@example.com,54
433,Usuario 00433,usuario00433@example.com,20
605,Usuario 00605,usuario00605@example.com,29
90,Usuario 00090,usuario00090@example.com,48
559,Usuario 00559,usuario00559@example.com,51
914,Usuario 00914,usuario00914@example.com,59
759,Usuario 00759,usuario00759@example.com,46
693,Usuario 00693,usuario00693@example.com,35
105,Usuario 00105,usuario00105@example.com,29
755,Usuario 00755,usuario00755@example.com,55
143,Usuario 00143,usuario00143@example.com,45
229,Usuario 00229,usuario00229@example.com,58
251,Usuario 00251,usuario00251@example.com,49
282,Usuario 00282,usuario00282@example.com,23
760,Usuario 00760,usuario00760@example.com,48
26,Usuario 00026,usuario00026@example.com,40
115,Usuario 00115,usuario00115@example.com,44
655,Usuario 00655,usuario00655@example.com,39
